820,PT Blue Gas Prasat,1565370000,Expense,,T1008201910000,Car-Gas
,540,Resto Big Tree,1552064400,Expense,,T,Restaurant
,2575,ALIEXPRESS,1562346000,Expense,Electronics - Electric Stuff,T060720192575,Hobby
,1000,Market Big,1563555600,Expense,,T210720192200,Market
,368,Lazada,1588438800,Expense,10 Electrical Boxes + Cable glands 16mm,VISA,House
,1300,Interbank Transfer,1563469200,BKB,,T190720191300,IB
,550,Resto Prasat,1549126800,Expense,,T030220195000,Restaurant
,389,Lazada,1586192400,Expense,Face Shield,VISA,Health Care
,700,Market Small Village,1585674000,Expense,,T2020-04-061350,Market
,100,Material Shop Ban Wari,1550336400,Expense,Gym support modif. metal shop fee,T190220192040,House
,2100,Big C Prasat,1555434000,Expense,,T170420195000,Grocery
,1100,Market Prasat,1582909200,Expense,,T2020-03-012450,Market
,2330,Market Prasat,1572714000,BKB,Market Drug store Tesco Lotus,T2019-11-032330,IBT
,4326,Tesco Lotus-Prasat,1591290000,Expense,,T2020-06-054326,Grocery
,2300,Interbank Transfer,1566061200,BKB,,T180820192300,IB
,3640,Tesco Lotus-Prasat,1591549200,BKB,Jarinya,T2020-06-083640,IBT
,17585,Thai Watsadu Surin,1571504400,BKB,House Material- closet, etc..,T2019-10-2017585,IBT
,760,Lazada,1587488400,Expense,Terminal Blocks + tap for water bottle,VISA,House
,850,PT Blue Gas Prasat,1556038800,Expense,,T280420193083,Car-Gas
,200,Tuk Tuk,1556470800,Expense,Tuk Tuk Hotel - Honda ,T2019-04-2910000,Other
,500,Dad Shop,1589734800,Expense,Rice Bag from Family,T2020-05-212570,Grocery
,8921,Makro Surin,1578070800,Expense,,T2020-01-0410000,Grocery
,1794,Tesco Lotus-Village,1569430800,Expense,,T2019-09-263904,Grocery
,3585,Material Shop Ban Roon,1571677200,BKB,House Matetials,T2019-10-223585,IBT
,1000,Market Big Village,1584723600,Expense,food for family,T2020-03-223623,Market
,5700,Interbank Transfer,1557075600,BKB,,T060520195700,IB
,373,Tesco Lotus-Village,1584550800,Expense,,T2020-03-223623,Grocery
,59,ALIEXPRESS,1555261200,Expense,Electronics,T1504201959.04,Hobby
,700,Tesco Lotus-Village,1582304400,Expense,2 bottles of wine,T2020-02-225000,Grocery
,6304,Tesco Lotus-Prasat,1590685200,Expense,,T2020-05-296304,Grocery
,300,Dad Shop,1571850000,Expense,Pay. J  beers. Coke. Spy,T2019-10-257042,Food
,800,Other,1579971600,Expense,24 cans of Shigha Beers,T2020-01-277106,Grocery
,800,Market Prasat,1582304400,Expense,,T2020-02-225000,Market
,520,Resto-Prasat,1575046800,Expense,,T2019-12-012470,Restaurant
,1600,Gardener Lady,1558026000,Expense,Gardening,T170520191200,House
,650,Resto Big Tree,1554483600,Expense,,T0604201910000,Restaurant
,600,Market Small,1555261200,Expense,,T140420195000,Market
,3381.25,Purchase via EDC,1566579600,BKB,,T240820193381.25,EDC
,200,Market Big Village,1570899600,Expense,Pay. J,T2019-10-171800,Market
,437,Name-Cheap,1588266000,Expense,Domain name payment,VISA,Hobby
,4550,Jarinya,1576342800,BKB,Jarinya,T2019-12-154550,IBT
,500,PT-Blue Gas Prasat,1582304400,Expense,,T2020-02-225000,Car Gas
,382,ALIEXPRESS,1555693200,Expense,Electronics,T20042019382.08,Hobby
,15,Commission/Annual Fee,1550854800,BKB,,T2302201915,AUTO
,483,Material Shop Ban Wari,1560445200,Expense,House material.   ,T160620191333,House
,200,Brother in Law,1578330000,Expense,House Works 4 hours,T2020-01-113100,House
,1000,Other,1592067600,Expense,Bamboo Curtains installation and new trees and plants installation,T2020-06-154555,House
,1185,Interbank Transfer,1557594000,BKB,,T120520191185,IB
,87,ALIEXPRESS,1554051600,Expense,Electronics,T0104201986.64,Hobby
,315,Name Cheap,1559322000,Expense,Computer : domain name: taglinker.com,T01062019315,Hobby
,3000,Big C Prasat,1551546000,Expense,,T030320195000,Grocery
,2000,Market Big,1556557200,Expense,,T2019-04-2910000,Market
,5000,Jarinya,1583773200,BKB,Jarinya Birthday !!,T2020-03-105000,IBT
,887,Lazada,1585760400,Expense,5L 50% Hydrogen peroxide H2O2 + Spray bottles (5),VISA,Health Care
,1817,Other,1590080400,Expense,Car Registration,T2020-05-254610,Car
,1652,Big C Prasat,1558717200,Expense,,T250520191652,Grocery
,500,Gas Station Village,1553446800,Expense,Gas Station Village,T250320195000,Car-Gas
,530,Resto Big Tree,1556816400,Expense,,T0305201910000,Restaurant
,1318,Thai Watsadu Surin,1559926800,Expense,Electrical Stuff,T080620191318,House
,5000,Jarinya,1583773200,Expense,Jarinya Birthday !!,T2020-03-105000,Special
,300,Shit Truck,1564678800,Expense,Shit Truck ,T020820194260,House
,300,Name-Cheap,1591549200,Expense,New Domain : DasDuneTech.com,VISA,Hobby
,4788.75,Purchase via EDC,1564765200,BKB,,T030820194788.75,EDC
,2000,Market Big,1546707600,Expense,Jarinya paid 1000THB,T2019-01-081600,Market
,1572,Provincial Electricity Authority,1571936400,Expense,Pay. J  ,T2019-10-257042,Electricity
,1179,Lazada,1585674000,Expense,IPA Isopropyl Alcohol 99.9% ขนาด 2 ลิตร (2-000ml) + Wipes,VISA,Health Care
,100,Brother in Law,1574787600,Expense,House Works 2 hours,T2019-12-012470,House
,4275,Lazada,1561568400,VISA,,T270620194275,171.14
,5770,Makro Surin,1578157200,BKB,,T2020-01-055770,IBT
,1000,Tesco Lotus Express,1554397200,Expense,Beer. Wine. Peanuts,T,Grocery
,610,Village Water Service,1583427600,Expense,,T2020-03-08920,Water
,4400,Phone Shop,1553965200,Expense,New phone Galaxy J4 plus,T3103201910000,Phone
,600,Resto Prasat,1560531600,Expense, ,T160620191333,Restaurant
,620,Market Big Village,1583600400,Expense,,T2020-03-0710000,Market
,1620,Provincial Electricity Authority,1564160400,Expense, ,T280720193920,Electricity
,1559,Tesco Lotus-Prasat,1576256400,BKB,Tesco Payment 1/2,T2019-12-141559,IBT
,200,Dad Shop,1568912400,Expense,Beer- misc..,T2019-09-201200,Food
,300,Brother In Law,1564765200,Expense,House Works,T110820191675,House
,445,Lazada,1590944400,Expense,Natchos (3 bags),VISA,Food
,6356,BNC,1582736400,BKB,BNC --> VISA ,T2020-02-276356,Visa
,200,Market on the Road,1553446800,Expense,Water-Melon,T250320195000,Market
,4000,Pacific Cross,1588957200,Expense,,,Insurance
,235,Thai Watsadu Surin,1556557200,Expense,Snack at Thai Watsadu,T2019-04-2910000,Food
,1800,Provincial Electricity Authority,1558717200,Expense,,T260520193705,Electricity
,7106,Makro Surin,1573232400,Expense,,T2019-11-0910000,Grocery
,300,Brother in Law,1578675600,Expense,House Works 6 hours,T2020-01-113100,House
,26631,ITInvade,1587488400,Expense,NobleChairs Gaming chair + 2 USB keyboards Logitech,VISA,Hobby
,500,Omise,1582736400,Expense,Omise Phone Topup,T2020-02-276356,Phone
,6368,Tesco Lotus-Prasat,1588870800,BKB,,T2020-05-086368,IBT
,1700,Provincial Electricity Authority,1566406800,Expense, ,T240820192900,Electricity
,5908,Tesco Lotus-Prasat,1593190800,Expense,,T2020-06-275908,Grocery
,345,Lazada,1584118800,Expense,Zinc Tablets,VISA,Health Care
,1830,Interbank Transfer,1560704400,BKB,,T170620191830,IB
,1000,Market Big,1547312400,Expense,,T1301201910000,Market
,10000,Cash Withdrawal - BBL ATM,1563037200,BKB,,T1407201910000,ATM
,300,Brother in Law,1577552400,Expense,House Works 6 hours,T2019-12-311600,House
,3100,Material Shop Ban Roon,1564592400,Expense,Water/Electric Pipes + sand + rocks,T2019-31-08-10000,House
,3131,Tesco Lotus-Prasat,1573837200,BKB,,T2019-11-163131,IBT
,310,Market Big Village,1582995600,Expense,Sister delivery : Gai - Pla,T2020-03-08920,Market
,5000,Cash Withdrawal - BBL ATM,1553274000,BKB,,T230320195000,ATM
,740,Other,1575651600,Expense,24 Leo Beer,T2019-12-0710000,Food
,500,Market Big,1559926800,Expense,,T0806201910000,Market
,2000,Interbank Transfer,1566666000,BKB,,T250820192000,IB
,330,Water Meter,1565456400,Expense,,T110820191675,Water
,417,Robinson Theater,1556470800,Expense,Movie: Avenger end game,T29042019417.12,Special
,10000,Cash Withdrawal - BBL ATM,1553965200,BKB,,T3103201910000,ATM
,8261,Makro Surin,1583514000,Expense,,T2020-03-0710000,Grocery
,142,ALIEXPRESS,1548003600,Expense,Hobby - Electronics,T21012019142.25,Hobby
,1191,Steam,1581786000,Expense,Metro Exodus and DLC pack,T2020-02-276356,Hobby
,4530,Jarinya,1588525200,BKB,,T2020-05-044530,IBT
,4790,Tesco Lotus Prasat,1564765200,Expense,,T030820194788.75,Grocery
,2619.75,Purchase via EDC,1559322000,BKB,,T010620192619.75,EDC
,350,Tesco Lotus Express,1548954000,Expense,,T260120195000,Grocery
,275,ALIEXPRESS,1563210000,Expense,Electronics - Electric Stuff,T14072019275,Hobby
,750,Internet-TOT,1593190800,Expense,,T2020-06-289670,Electricity
,1360,Provincial Electricity Authority,1569430800,Expense,,T2019-09-263904,Electricity
,5908,Tesco Lotus-Prasat,1593190800,BKB,,T2020-06-275908,IBT
,300,Market Big Village,1578762000,Expense,Sister delivery Gai- Pla,T2020-01-113100,Market
,2040,Interbank Transfer,1550509200,BKB,,T190220192040,IB
,600,Resto Prasat,1555693200,Expense,,T170420195000,Restaurant
,5200,Makro,1567184400,Expense,,T3108201910000,Grocery
,350,Brother In Law,1565542800,Expense,House Works,T130820191890,House
,300,Market Big Village,1575738000,Expense,Sister delivery Gai- Pla,T2019-12-154550,Market
,1559,Tesco Lotus-Prasat,1576256400,Expense,,T2019-12-141559,Grocery
,4715,Tesco Lotus-Prasat,1588266000,Expense,,T2020-05-014715,Grocery
,650,Market Small Village,1587056400,Expense,Vegetables Noddles etc..,T2020-04-193250,Market
,4000,Pacific Cross,1583686800,Expense,,,Insurance
,300,Brother in Law,1577898000,Expense,House Works 6 hours,T2020-01-055770,House
,1399,Lazada,1585069200,Expense,IP Camera with LEDs Siren,VISA,House
,700,PT-Blue Gas Prasat,1579280400,Expense,,T2020-01-196600,Market
,500,PT-Blue Gas Prasat,1577466000,Expense,,T2019-12-297980,Car Gas
,700,ALIEXPRESS,1562518800,Expense,Electronics - Electric Stuff,T08072019700,Hobby
,5143,Tesco Lotus-Prasat,1592499600,BKB,,T2020-06-195143,IBT
,500,Material Shop Ban Wari,1549990800,Expense,Dog protective Net,T2019-02-135000,Other
,2000,Tesco Lotus Express,1564765200,Expense,4 bottles if wine + beer   ,T040820192000,Grocery
,700,PT-Blue Gas Prasat,1592499600,Expense,,T2020-06-221370,Car Gas
,1150,Tesco Lotus-Village,1572627600,Expense,Beer (24) and wine (1 bottle),T2019-11-032330,Grocery
,1200,Bank Transfer,1568912400,BKB,,T2019-09-201200,IBT
,1225,Tesco Lotus Express,1560963600,Expense,,T210620195000,Grocery
,200,Brother in Law,1578848400,Expense,House Works 4 hours,T2020-01-196600,House
,4790,Other,1593018000,Expense,Honda Center Maliwan,T2020-06-289670,Car
,100,Market on the Road,1555261200,Expense,500-100=400 Water Melons,T140420195000,Food
,15,Commission/Annual Fee,1558544400,BKB,,T2305201915,AUTO
,400,Restaurant Majestic,1556470800,Expense,Restaurant Majestic,T2019-04-2910000,Restaurant
,1440,Bank Transfer,1569603600,BKB,Jarinya,T2019-09-281440,IBT
,187,ALIEXPRESS,1555693200,VISA,,T20042019187.44,7.81
,5000,Interbank Transfer,1555174800,BKB,,T140420195000,IB
,7202,Thai Watsadu Surin,1567184400,Expense,Wires- big umbrella,T310820197202.25,House
,450,Brother In Law,1566061200,Expense,House Works,T240820192900,House
,550,ALIEXPRESS,1565024400,Expense,Electronics Stuff,T06082019550,Hobby
,4000,Interbank Transfer,1562691600,BKB,,T100720194000,IB
,1602,Provincial Electricity Authority,1561222800,Expense,,T240620193852,Electricity
,525,Water Meter,1552755600,Expense,Water Meter,T180320195082,House
,660,Korean Food Village,1556298000,Expense,,T280420193083,Food
,4536,Tesco Lotus-Prasat,1572627600,Expense,,T2019-11-024536,Grocery
,2930,Tesco Lotus Prasat,1557507600,Expense,,T110520192930.5,Grocery
,1928,Provincial Electricity Authority,1553187600,Expense,,T240320193456,Electricity
,200,Market Big Village,1582304400,Expense,Sister delivery : Pla,T2020-02-225000,Market
,1000,Market Prasat,1573837200,Expense,,T2019-11-0910000,Market
,200,Market Big Village,1570554000,Expense,Pay. J,T2019-10-171800,Market
,2100,Interbank Transfer,1564592400,BKB,,T010820192100,IBT
,300,Dad Shop,1571418000,Expense,Pay. J  beers. Coke. Spy,T2019-10-212133,Food
,3100,Jarinya,1578675600,BKB,,T2020-01-113100,IBT
,1800.5,Tesco Lotus-Prasat,1576947600,BKB,,T2019-12-221800.5,IBT
,4617,Tesco Lotus-Prasat,1591894800,BKB,Tesco_Lotus,T2020-06-124617,IBT
,300,Market Big Village,1579366800,Expense,Sister delivery Gai- Pla,T2020-01-277106,Market
,300,Market Big Village,1568480400,Expense,Pay Jarinya fish chicken,T2019-09-162150,Market
,600,Brother in Law,1571850000,Expense,Pay J.,T2019-10-257042,House
,300,Material Shop Ban Wari,1560704400,Expense,Cable glands - water pipe.,T170620191830,House
,5000,Cash Withdrawal - BBL ATM,1555434000,BKB,,T170420195000,ATM
,300,Brother in Law,1574528400,Expense,House Works,T2019-11-251760,House
,110,Dad Shop,1593190800,Expense,2 bottles of gas for lawnmoyer + green paint spray can,T2020-06-289670,House
,100,Thai Watsadu Surin,1556557200,Expense,Belt at Thai Watsadu,T2019-04-2910000,Other
,1306,Tesco Lotus-Village,1579885200,Expense,2 bottles of wine + all good things!,T2020-01-277106,Grocery
,303,Lazada,1550941200,VISA,,T24022019303.12,12.63
,200,Market on the Road,1551546000,Expense,Water-Melon,T070320192910,Market
,7200,Makro,1552064400,Expense,,T0903201910000,Grocery
,1900,VISA,1553533200,Expense,VISA renewal fee,T250320195000,VISA
,162,ALIEXPRESS,1557853200,Expense,Electronics,T15052019161.52,Hobby
,38,ALIEXPRESS,1555693200,Expense,Electronics,T2004201937.68,Hobby
,435,Resto Big Tree,1559926800,Expense, ,T0806201910000,Restaurant
,740,PT Blue Gas Prasat,1567184400,Expense,,T2019-09-012040,Car Gas
,1000,Family,1555866000,Expense,Family rice,T230420196388,Food
,6168,Tesco Lotus-Prasat,1589562000,BKB,,T2020-05-166168,IBT
,5369,Tesco Lotus-Prasat,1584118800,Expense,,T2020-03-145369,Grocery
,17585,Thai Watsadu Surin,1571504400,Expense,Chairs. Table- closet, tiles etc...,T2019-10-2017585,House
,5674,Interbank Transfer,1562000400,BKB,,T020720195674,IB
,7300,Makro Surin,1581094800,Expense,,T2020-02-0810000,Grocery
,740,PT-Blue Gas Prasat,1571850000,Expense,Pay J.,T2019-10-257042,Car Gas
,200,Brother in Law,1579021200,Expense,House Works 4 hours,T2020-01-196600,House
,3492,Tesco Lotus-Prasat,1580576400,BKB,,T2020-02-023492,IBT
,3862,Tesco Lotus-Prasat,1579971600,Expense,Paid with VISA,T2020-02-0437100,Grocery
,5000,Cash Withdrawal - BBL ATM,1553446800,BKB,,T250320195000,ATM
,1240,Tesco Lotus-Village,1576947600,Expense,,T2019-12-222740,Grocery
,3456,Interbank Transfer,1553360400,BKB,,T240320193456,IB
,1500,Market Big,1561136400,Expense,,T240620193852,Market
,10000,Makro Surin,1573232400,BKB,Misc.expenses,T2019-11-0910000,ATM
,1200,Interbank Transfer,1558026000,BKB,,T170520191200,IB
,500,PT Blue Gas Prasat,1561827600,Expense,,T020720195674,Car-Gas
,1122.75,Tesco Lotus-Prasat,1568394000,Expense,Food,T140920191122.75,Grocery
,900,Tesco Lotus Express,1562950800,Expense,,T150720192136,Grocery
,1600,Jarinya,1577725200,BKB,New Year stuff + brother in law,T2019-12-311600,IBT
,1128,PayPal,1559754000,VISA,,T060620191128.48,47.02
,4000,Pacific Cross,1586365200,Expense,,,Insurance
,303,Lazada,1550941200,Expense,Coffee Plunger,T24022019303.12,Special
,10000,Jarinya,1575651600,BKB,,T2019-12-0710000,ATM
,1495,Provincial Electricity Authority,1590080400,Expense,,T2020-05-254610,Electricity
,300,Market Big Village,1581181200,Expense,Sister delivery : Gai - Pla,T2020-02-0810000,Market
,28460,LAZADA,1579885200,Expense,Air Purifiers (4),T2020-02-0437100,House
,1200,Market Big,1560618000,Expense, ,T170620191830,Market
,15,Commission/Annual Fee,1561222800,BKB,Bank fee,T2019-06-2315,AUTO
,100,Bic,1592154000,Expense,Gas for lawnmoyer (3 bottles),T2020-06-154555,House
,475,Tesco Lotus-Village,1580490000,Expense,snacks- cheese, grapes, etc..,T2020-02-032600,Grocery
,600,PT-Blue Gas Prasat,1589562000,Expense,,T2020-05-212570,Car Gas
,2889,Thai Watsadu Surin,1573232400,Expense,House material,T2019-11-092889,House
,600,Tesco Lotus Express,1553878800,Expense,Chips- etc..,T250320195000,Grocery
,1060,Tesco Lotus-Village,1581786000,Expense,Food for the week- did not go to Prasat this weekend,T2020-02-164960,Grocery
,7310,Makro,1554483600,Expense,,T0604201910000,Grocery
,2386,Thai Watsadu Surin,1552064400,Expense,,T090320192386,House
,6932,Makro,1556816400,Expense,,T0305201910000,Grocery
,757,Lazada,1587142800,Expense,4 bags of coffee beans,VISA,Food
,1150,Steam,1550163600,Expense,FarCry New Dawn Game,T150220191149.77,Hobby
,590,Village Water Service,1587056400,Expense,,T2020-04-193250,Water
,1837,Thai Watsadu Surin,1583514000,Expense,Water hoses - Electrical joints,T2020-03-071837,House
,455,Lazada,1584118800,Expense,Alcohol Wipes,VISA,Health Care
,300,Market Big Village,1576342800,Expense,Sister delivery Gai- Pla,T2019-12-222740,Market
,1100,Material Shop Ban Roon,1567357200,Expense,Rocks + sand for Entrance,T100920192200,House
,575,VISA,1566838800,VISA,VISA Interest to Pay- Used National Bank of Canada,T27082019575,22.79
,720,PT Blue Gas Prasat,1551546000,Expense,,T030320195000,Car-Gas
,1170,Tesco Lotus Express,1551373200,Expense,Beer.. Peanuts.. Etc..,T070320192910,Grocery
,1675,Interbank Transfer,1565456400,BKB,,T110820191675,IB
,320,Dad Shop,1589994000,Expense,Oil-Gas for Lawnmoyer,T2020-05-212570,House
,1580,Jarinya,1573405200,BKB,Jarinya,T2019-11-111580,IBT
,540,Tesco Lotus Express,1550768400,Expense,Beer.. Peanuts.. Etc..,T250220194540,Grocery
,200,Brother in Law,1579194000,Expense,House Works 4 hours,T2020-01-196600,House
,750,Internet-TOT,1574442000,Expense,,T2019-11-232525,Internet
,1300,Provincial Electricity Authority,1577034000,Expense,,T2019-12-297980,Electricity
,700,Market Prasat,1581094800,Expense,,T2020-02-0810000,Market
,1000,Brother in Law,1572195600,Expense,Payment for house works on the 25-26-27 ,T2019-10-302800,House
,700,PT-Blue Gas Prasat,1580576400,Expense,,T2020-02-032600,Car Gas
,100,Brother in Law,1578502800,Expense,House Works 2 hours,T2020-01-113100,House
,160,Brother in Law,1573578000,Expense,House works for the last week,T2019-11-0910000,House
,1700,Market Big,1561827600,Expense,,T020720195674,Market
,1572,Epic Games Store,1550422800,VISA,,T180220191571.82,68.34
,750,PT Blue Gas Prasat,1549731600,Expense,,T1102201910066,Car-Gas
,841,Lazada,1592845200,Expense,Electrical Outdoor Outlets,VISA,House
,7042,misc.,1571936400,BKB,House Materials + food,T2019-10-257042,IBT
,3915,InvadeIT,1580749200,Expense,Access Point Ubiquity,T2020-02-276356,Hobby
,550,Resto-Prasat,1582909200,Expense,,T2020-03-012450,Restaurant
,400,Plants Shop,1565974800,Expense,plants  ,T180820192300,House
,1000,Tesco Lotus-Village,1577725200,Expense,,T2019-12-311600,Grocery
,1096,Lazada,1591981200,Expense,Vinegar Chip Natchos Salsa,VISA,Food
,150,Brother in Law,1575478800,Expense,House Works 3 hours,T2019-12-0710000,House
,1000,Market Big,1555434000,Expense,,T170420195000,Market
,800,PT-Blue Gas Prasat,1575046800,Expense,,T2019-12-012470,Car Gas
,5000,Cash Withdrawal - BBL ATM,1547830800,BKB,,T190120195000,ATM
,150,Brother in Law,1574701200,Expense,House Works 3 hours,T2019-12-012470,House
,350,Dad Shop,1564074000,Expense,Beers for workers from dad house,T280720193920,House
,300,Market Big Village,1576947600,Expense,Sister delivery Gai- Pla,T2019-12-222740,Market
,1200,other,1575565200,Expense,Thailand Mail fee to Send documents to Giverny Capital- Montreal Canada,T2019-12-154550,Perso
,173,LAZADA,1582477200,Expense,5v Relays modules (2),T2020-02-276356,Hobby
,4617,Tesco Lotus-Prasat,1591894800,Expense,,T2020-06-124617,Grocery
,4000,AC Contractor,1562691600,Expense,Air cond. repair + Proj. screen install.,T100720194000,House
,10000,Cash Withdrawal - BBL ATM,1565370000,BKB,,T1008201910000,ATM
,2430,Tesco Lotus Express,1562346000,Expense,,T060720195000,Grocery
,1600,Interbank Transfer,1546880400,BKB,shall be fine,T2019-01-081600,IB
,555,Resto Prasat,1561136400,Expense,,T210620195000,Restaurant
,400,PT-Blue Gas Prasat,1585155600,Expense,,T2020-03-276368,Car Gas
,200,Tesco Lotus-Village,1585933200,Expense,Snacks Shushies,T2020-04-061350,Grocery
,700,Market Big,1556038800,Expense,,T170420195000,Market
,1400,Steam,1583859600,Expense,Borderlands III + add-ons,VISA,Games
,400,Dad Shop,1565542800,Expense,village material shop ,T130820191890,House
,2150,Bank Transfer,1568566800,BKB,,T2019-09-162150,IBT
,100,Tesco Lotus-Prasat,1583514000,Expense,2 bottles of 100 + shushies,T2020-03-0710000,Food
,540,Resto-Surin,1570294800,Expense,,T2019-10-0610000,Restaurant
,455,Village Water Service,1592154000,Expense,,T2020-06-154555,Water
,3904,Bank Transfer,1569430800,BKB,Jarinya,T2019-09-263904,IBT
,1100,Tesco Lotus Express,1558630800,Expense,Wine. Beer. Peanuts. etc...,T260520193705,Grocery
,1205,Tesco Lotus-Prasat,1578675600,Expense,,T2020-01-111205,Grocery
,1700,Market Big,1547917200,Expense,,T270120193885,Market
,1295,Provincial Electricity Authority,1548435600,Expense,,T270120193885,Electricity
,840,Tesco Lotus Express,1550509200,Expense,Water. Tuna. Pinapple.,T190220192040,Grocery
,3066,ALIEXPRESS,1549040400,VISA,,T020220193066.36,133.32
,700,PT Blue Gas Prasat,1548435600,Expense,,T260120195000,Car-Gas
,200,Brother in Law,1575219600,Expense,House Works 4 hours,T2019-12-0710000,House
,823,Tesco Lotus Express,1556298000,Expense,Wine  + Food,T280420193083,Grocery
,380,Lazada,1583082000,Expense,N95 Masks (2),VISA,Health Care
,550,Brother In Law,1564592400,Expense,House Works,T020820194260,House
,59,ALIEXPRESS,1555261200,VISA,,T1504201959.04,2.46
,4540,Interbank Transfer,1551027600,BKB,,T250220194540,IB
,3381,Tesco Lotus Prasat,1566579600,Expense,,T240820193381.25,Grocery
,750,Internet-TOT,1584637200,Expense,,T2020-03-223623,Internet
,750,TOT Internet,1564160400,Expense,,T280720193920,Internet
,557,Tesco Lotus Express,1551978000,Expense,Beer.. Peanuts.. Etc..,T180320195082,Grocery
,5739,Thai Watsadu Surin,1556557200,Expense,Electrical/Water Stuff,T300420195739,House
,2030,Provincial Electricity Authority,1585155600,Expense,,T2020-,Electricity
,300,Market Big Village,1573318800,Expense,Sistr delivery : pla gai,T2019-11-111580,Market
,5000,Cash Withdrawal - BBL ATM,1561050000,BKB,,T210620195000,ATM
,400,Brother in Law,1577898000,Expense,House Works 8 hours,T2020-01-055770,House
,200,Brother in Law,1579107600,Expense,House Works 4 hours,T2020-01-196600,House
,750,Internet-TOT,1571936400,Expense,Pay. J  ,T2019-10-257042,Internet
,400,Brother in Law,1568826000,Expense,House works,T2019-09-201200,House
,5127,Purchase via EDC,1559926800,BKB,,T080620195127,EDC
,600,Market Prasat,1584118800,Expense,,T2020-03-151200,Market
,1126,Lazada,1589821200,Expense,Almonds + Coffee (4 bags),VISA,House
,400,Tesco Lotus-Village,1576256400,Expense,1 bottle of wine,T2019-12-0710000,Grocery
,7980,Jarinya,1577552400,BKB,,T2019-12-297980,IBT
,4575,ALIEXPRESS,1566061200,VISA,Paid with National Bank Account,T180820194575,183.02
,2977,Tesco Lotus-Prasat,1579280400,BKB,,T2020-01-182977,IBT
,1000,Tesco Lotus-Village,1592067600,Expense,2 bottles of wine + fruits,T2020-06-154555,Food
,300,Brother in Law,1568653200,Expense,House works - Pay Jarinya,T2019-09-201200,House
,9843,Makro Surin,1585933200,BKB,,T2020-04-049843,IBT
,2200,Interbank Transfer,1563642000,BKB,,T210720192200,IB
,10000,Makro Surin,1581094800,BKB,,T2020-02-0810000,IBT
,350,Dad Shop,1579712400,Expense,Water Pipes and joints ,T2020-01-277106,House
,2381.5,Purchase via EDC,1567184400,BKB,,T310820192381.5,EDC
,2000,Interbank Transfer,1564851600,BKB,,T040820192000,IBT
,10000,Cash - Other Bank ATM,1556470800,BKB,More than 5K is missing- maybe I forgo to put a Makro expenses...?,T2019-04-2910000,ATMO
,4085,Home Pro,1563037200,Expense,Lights for the fences and driveway,T140720194085,House
,500,PT Blue Gas Prasat,1568394000,Expense,Pay Jarinya,T2019-09-162150,Car Gas
,2900,Interbank Transfer,1566579600,BKB,,T240820192900,IB
,1881,Tesco Lotus-Prasat,1578675600,Expense,,T2020-01-111881,Grocery
,730,Tesco Lotus Express,1548262800,Expense,Yougurt.  Shampoo. Etc..,T270120193885,Grocery
,1400,Market Big,1558198800,Expense,,T200520191850,Market
,2470,Jarinya,1575133200,BKB,,T2019-12-012470,IBT
,100,Bic,1550250000,Expense,Tip for Bic to move the Gym to house,T190220192040,House
,10000,Cash Withdrawal - BBL ATM,1559926800,BKB,,T0806201910000,ATM
,3336,Tesco Lotus Prasat,1565974800,Expense,,T170820193336,Grocery
,640,PT-Blue Gas Prasat,1591290000,Expense,,T2020-06-083640,Car Gas
,500,Thai Watsadu Surin,1575651600,Expense,Snacks + Jarinya stuff ,T2019-12-0710000,Food
,1470,Provincial Electricity Authority,1593190800,Expense,,T2020-06-289670,Electricity
,10066,Interbank Transfer,1549818000,BKB,,T1102201910066,IB
,318,Seven Eleven,1585155600,Expense,Snacks,T2020-03-276368,Food
,600,Material Shop Ban Roon,1572195600,Expense,Pay. J  2 cements pipes + drinks for workers,T2019-10-302800,House
,300,Brother in Law,1574614800,Expense,House Works 6 hours,,House
,3861,Tesco Lotus-Prasat,1571850000,BKB,Food,T2019-10-243861,EDC
,7728,Thai Watsadu Surin,1549731600,Expense,4 fans for classroom,T100220197727.5,House
,5000,Cash Withdrawal - BBL ATM,1549126800,BKB,08012019,T030220195000,ATM
,500,Tesco Lotus Express,1552582800,Expense,Beer.. Peanuts.. Etc..,T180320195082,Grocery
,100,VISA,1554829200,Expense,Visa - BKB - Bank statement fee,T0604201910000,Special
,920,Jarinya,1583600400,BKB,Jarinya,T2020-03-08920,IBT
,100,Thai immigration,1585155600,Expense,Bank Statement Fee,T2020-03-276368,Visa
,351,Brother in Law,1567270800,Expense,House works,T2019-09-012040,House
,760,TOT Internet,1551027600,Expense,,T250220194540,Internet
,6600,Jarinya,1579366800,BKB,,T2020-01-196600,IBT
,2200,Inter Bank Transfer,1568048400,BKB,Xfer Jarinya,T100920192200,IBT
,6304,Tesco Lotus-Prasat,1590685200,BKB,,T2020-05-296304,IBT
,900,Market Big Village,1592931600,Expense,Ingredients + fruits + fishes for the family,T2020-06-289670,Market
,300,Brother in Law,1578070800,Expense,House Works 6 hours,T2020-01-055770,House
,1850,Interbank Transfer,1558285200,BKB,,T200520191850,IB
,5000,Interbank Transfer,1552150800,BKB,,T100320195000,IB
,1200,Market Prasat,1578675600,Expense,,T2020-01-113100,Market
,2655.5,Purchase via EDC,1555693200,BKB,,T200420192655.5,EDC
,5082,Interbank Transfer,1552842000,BKB,,T180320195082,IB
,494,Lazada,1585760400,Expense,Bleaching Agent 3.8,VISA,Health Care
,405,Lazada,1591722000,Expense,Balsamic Vinegar,VISA,Food
,3904.25,Purchase via EDC,1563555600,BKB,,T200720193904.25,EDC
,2910,Interbank Transfer,1551891600,BKB,,T070320192910,IB
,2725,VISA,1580058000,Expense,VISA card annual fees,T2020-02-0437100,Other
,1625,Tesco Lotus Express,1567184400,Expense,4 bottles if wine + beers  ,T3108201910000,Grocery
,840,ALIEXPRESS,1578243600,Expense,8008873177283518- Sprinklers and Relays ,T2020-01,Hobby
,1000,Market Big Village,1571245200,Expense,Pay. J,T2019-10-171800,Market
,1200,Tesco Lotus Express,1555002000,Expense,,T140420195000,Grocery
,750,Internet-TOT,1589821200,Expense,,T2020-05-212570,Internet
,4580,Tesco Lotus-Prasat,1585846800,Expense,,T2020-04-034580,Grocery
,7727.5,Purchase via EDC,1549731600,BKB,,T100220197727.5,EDC
,400,Village Water Service,1589907600,Expense,,T2020-05-212570,Water
,300,Market Big Village,1572109200,Expense,Sister delivery: gai and fish,T2019-10-302800,Market
,400,Brother in Law,1579453200,Expense,House Works 8 hours,T2020-01-277106,House
,400,Market Big,1565456400,Expense,Market - PieYun Delevery! Fish chicken etc ..,T130820191890,Market
,300,Brother In Law,1564851600,Expense,House Works,T110820191675,House
,60,Tesco Lotus-Prasat,1570294800,Expense,Drinks Tesco Lotus Express,T2019-10-0610000,Grocery
,500,Material Shop Ban Roon,1587056400,Expense,Shovels for family,T2020-04-193250,House
,2620,Tesco Lotus Prasat,1559322000,Expense,,T010620192619.75,Grocery
,3585,Material Shop Ban Roon,1571677200,Expense,Materials- cart, pipes, cement, etc...,T2019-10-223585,House
,1200,Tesco Lotus Express,1564160400,Expense,,T280720193920,Grocery
,5479,Tesco Lotus-Prasat,1569603600,Expense,,T2019-09-285479,Grocery
,4303,Tesco Lotus-Prasat,1590080400,Expense,,T2020-05-224303,Grocery
,580,Big C Prasat,1548435600,Expense,,T260120195000,Grocery
,1800,Market Big,1551027600,Expense,,T250220194540,Market
,9790,Lazada,1588438800,Expense,Lawnmoyer machine gas,VISA,House
,6168,Tesco Lotus-Prasat,1589562000,Expense,,T2020-05-166168,Grocery
,300,Plants Shop,1556730000,Expense,Yellow flower,T,House
,3083,Interbank Transfer,1556384400,BKB,,T280420193083,IB
,1000,Market Big,1551546000,Expense,,T030320195000,Market
,500,Gas Station Village,1552755600,Expense,Gas Station Village,T180320195082,Car-Gas
,162,ALIEXPRESS,1557853200,VISA,,T15052019161.52,6.73
,950,Resto Prasat,1566579600,Expense, ,T250820192000,Restaurant
,4000,Pacific Cross,1591635600,Expense,,,Insurance
,500,PT Blue Gas Prasat,1558717200,Expense,,T260520193705,Car-Gas
,253,Amazon Web Services,1588352400,Expense,Data Storage monthly fee,VISA,Hobby
,600,Plant Shop Prasat,1571850000,Expense,Pay. J  ,T2019-10-257042,House
,1318,Purchase via EDC,1559926800,BKB,,T080620191318,EDC
,300,Brother in Law,1578416400,Expense,House Works 6 hours,T2020-01-113100,House
,4580,Tesco Lotus-Prasat,1585846800,BKB,,T2020-04-034580,IBT
,150,Brother in Law,1577293200,Expense,House Works 3 hours,T2019-12-297980,House
,288,ALIEXPRESS,1581958800,Expense,5v Relays modules (5),T2020-02-276356,Hobby
,5000,Pierre,1582304400,BKB,Cash for Pierre,T2020-02-225000,ATM
,4275,Lazada,1561568400,Expense,Computer Monitor 23.8 ",T270620194275,Hobby
,300,Mobile TopUp,1578934800,Expense,,,Phone
,22,ALIEXPRESS,1550768400,Expense,,T2202201922.32,Hobby
,4985,ALIEXPRESS,1546707600,VISA,,T060120194985.25,199.41
,2133,,1571590800,BKB,Pay Jarinya for misc. expenses,T2019-10-212133,IBT
,5479,Tesco Lotus-Prasat,1569603600,BKB,,T2019-09-285479,EDC
,4550,ALIEXPRESS,1561568400,Expense,Computer: 2 * HDD 2T  - KESU,T270620194550,Hobby
,750,Internet-TOT,1587056400,Expense,,T2020-04-193250,Internet
,900,Tesco Lotus Express,1553792400,Expense,Beer.. Peanuts.. Yougurt- Etc..,T250320195000,Grocery
,900,Market Big Village,1574442000,Expense,,T2019-11-251760,Jarinya
,600,Market Prasat,1584118800,Expense,,T2020-03-151200,Car Gas
,1500,Market Big,1557594000,Expense,pay only 400 bahts to J.,T170520192000,Market
,1760,Jarinya,1574614800,BKB,,T2019-11-251760,IBT
,1800,Car Registration Village,1555866000,Expense,Car registration Village,T230420196388,Car
,625,Skype,1548867600,VISA,,T31012019625,25
,3572,Thai Watsadu Surin,1571504400,Expense,Water electric stuff,T2019-10-203572,House
,1100,Market Prasat,1579971600,Expense,,T2020-01-277106,Market
,1200,Jarinya,1584205200,BKB,Jarinya,T2020-03-151200,IBT
,300,Brother In Law,1565456400,Expense,House Works,T130820191890,House
,1200,Market Prasat,1577466000,Expense,,T2019-12-297980,Market
,675,Tesco Lotus Express,1561050000,Expense,,T210620195000,Grocery
,3121,Big C Prasat,1553274000,Expense,,T230320195000,Grocery
,188.6,Withholding Tax,1561654800,BKB,Bank Tax ??  not sure what it is,T2019-06-28188.6,AUTO
,232,Tesco Lotus-Village,1569690000,Expense,,T2019-10-052000,Grocery
,250,Brother in Law,1581181200,Expense,,T2020-02-0810000,House
,3671.75,Online Purchase,1567789200,BKB,Tesco Lotus Prasat,T070920193671.75,EDC
,200,Brother in Law,1579280400,Expense,House Works 4 hours,T2020-01-196600,House
,3263.75,Purchase via EDC,1560531600,BKB,,T150620193263.75,EDC
,750,Internet-TOT,1579971600,Expense,,T2020-01-277106,Internet
,1803,Provincial Electricity Authority,1555866000,Expense,,T230420196388,Electricity
,25,ALIEXPRESS,1563037200,VISA,,T1407201925,1.3
,4107,Tesco Lotus-Prasat,1584637200,Expense,,T2020-03-204107,Grocery
,6003,Tesco Lotus Prasat,1556038800,Expense,Food & Clothes,T240420196003,Grocery
,1800,,1571245200,BKB,,T2019-10-171800,IBT
,4960,Jarinya,1581786000,BKB,,T2020-02-164960,IBT
,25,ALIEXPRESS,1563037200,Expense,Electronics - Electric Stuff,T1407201925,Hobby
,215,ALIEXPRESS,1548003600,Expense,Hobby - Electronics,T21012019215.25,Hobby
,156,ALIEXPRESS,1547485200,VISA,,T15012019155.5,6.22
,1150,Market Prasat,1568394000,Expense,Pay Jarinya ,T2019-09-162150,Market
,2000,Market Big,1550336400,Expense,,T190220192040,Market
,200,Market Big Village,1568998800,Expense,Food sister delivery ! Chicken + fish,T2019-09-213607,Market
,500,Village Water Service,1578934800,Expense,,T2020-01-0410000,Water
,1000,Tesco Lotus Express,1563555600,Expense,,T210720192200,Grocery
,150,Seven Eleven,1558112400,Expense,Snacks,T200520191850,Grocery
,6841,Makro Surin,1575651600,Expense,,T2019-12-0710000,Grocery
,96,ALIEXPRESS,1550768400,Expense,,T2202201995.52,Hobby
,414,Lazada,1587142800,Expense,10 breakers 15A,VISA,House
,900,Market Big,1549731600,Expense,,T1102201910066,Market
,2575,ALIEXPRESS,1562346000,VISA,,T060720192575,102.74
,6000,Interbank Transfer,1549213200,BKB,,T040220196000,IB
,750,TOT Internet,1566406800,Expense,,T240820192900,Internet
,300,Brother in Law,1578243600,Expense,House Works 6 hours,T2020-01-113100,House
,820,Market Prasat,1570294800,Expense,,T2019-10-0610000,Market
,350,Brother In Law,1564678800,Expense,House Works,T020820194260,House
,3607,Bank Transfer,1568998800,BKB,Food,T2019-09-213607,IBT
,380,Thai Watsadu Surin,1573232400,Expense,Plates- dishes, etc..,T2019-11-111580,House
,900,Gardener Lady,1551632400,Expense,Gardening Services (paid 500 cash),T070320192910,House
,1440,Provincial Electricity Authority,1551027600,Expense,,T250220194540,Electricity
,5660,Material Shop Ban Wari,1556989200,Expense,Material shop - cement. ssnd. rocks. pipes,T060520195700,House
,237,Water Meter,1549990800,Expense,,T2019-02-135000,Water
,950,Tesco Lotus-Village,1571677200,Expense,Pay. J  beers. Coke. Spy,T2019-10-257042,Grocery
,86,Lazada,1586192400,Expense,Pads to put inside the masks,VISA,Health Care
,250,Brother in Law,1577034000,Expense,House Works 5 hours,T2019-12-297980,House
,290,Tesco Lotus Express,1550595600,Expense,Oranges- milk,T,Grocery
,417,Robinson Theater,1556470800,VISA,,T29042019417.12,17.38
,1284,Thai Watsadu Surin,1575651600,Expense,Electrical and water material,T2019-12-071284,House
,10000,Cash Withdrawal - BBL ATM,1554483600,BKB,,T0604201910000,ATM
,600,Market Prasat,1575651600,Expense,,T2019-12-0710000,Market
,300,Market Big Village,1573923600,Expense,Sister Delivery- pla, gai,T2019-11-232525,Market
,4033,ALIEXPRESS,1549558800,VISA,,T080220194032.82,175.34
,100,Bic,1585933200,Expense,Cut Grass,T2020-04-061350,House
,360,Resto Big Tree,1552064400,Expense,Buy 2 grilled fishs,T,Restaurant
,4033,ALIEXPRESS,1549558800,Expense,Portable vacuum machines (2),T080220194032.82,House
,135,ALIEXPRESS,1555693200,Expense,Electronics,T20042019134.88,Hobby
,15,Commission/Annual Fee,1555952400,BKB,,T2304201915,AUTO
,96,ALIEXPRESS,1550768400,VISA,,T2202201995.52,3.98
,1298,Tesco Lotus-Village,1590166800,Expense,2 bottles of wine + 2 sixpacks of beer,T2020-05-254610,Food
,5739,Thai Watsadu Surin,1556557200,VISA,,T300420195739,249.06
,600,Tesco Lotus Express,1549645200,Expense,,T1102201910066,Grocery
,2985,Thai Watsadu Surin,1547312400,Expense,Electric. Water Stuff,T130120192984.5,House
,500,PT Blue Gas Prasat,1557507600,Expense,,T170520191185,Car-Gas
,660,Market Big,1552064400,Expense,,T,Market
,7338,Makro,1559926800,Expense,,T0806201910000,Grocery
,200,Brother in Law,1578589200,Expense,House Works 4 hours,T2020-01-113100,House
,2800,misc.,1572368400,BKB,House Materials + food,T2019-10-302800,IBT
,300,Tesco Lotus Express,1562691600,Expense,,T150720192136,Grocery
,500,Resto-Prasat,1573837200,Expense,,T2019-11-0910000,Restaurant
,59489,Lazada,1548522000,Expense,Breville Oracle Coffee Machine,T2701201959489,Special
,600,Resto Prasat,1563555600,Expense,pay J 200   already paid 400,T210720192200,Restaurant
,1100,Tesco Lotus-Village,1581786000,Expense,Grocery for the week- did not go to Prasat this weekend,T2020-02-164960,Grocery
,350,Brother in Law,1577466000,Expense,House Works 7 hours,T2019-12-297980,House
,350,Brother in Law,1567702800,Expense,House works,T070920191370,House
,900,Market Prasat,1576861200,Expense,,T2019-12-222740,Market
,250,Brother in Law,1576947600,Expense,House Works 5 hours,T2019-12-297980,House
,10000,Makro Surin,1578070800,BKB,,T2020-01-0410000,IBT
,300,Brother in Law,1575133200,Expense,House Works 6 hours,T2019-12-0710000,House
,500,PT-Blue Gas Prasat,1576256400,Expense,,T2019-12-154550,Car Gas
,3182.25,Tesco Lotus-Prasat,1568394000,Expense,Food,T140920193182.25,Grocery
,400,PT-Blue Gas Prasat,1570294800,Expense,,T2019-10-0610000,Car Gas
,2000,Interbank Transfer,1558026000,BKB,,T170520192000,IB
,600,Resto Prasat,1558717200,Expense,,T260520193705,Restaurant
,350,Brother In Law,1566838800,Expense,House Works,T2019-09-012040,House
,400,Family,1546448400,Expense,Fertilizer,T2019-01-081600,House
,430,Material Shop Ban Roon,1567443600,Expense,Electrical Connectors + Junction Boxes,T070920191370,House
,750,other,1576170000,Expense,Address plate for the house,T2019-12-154550,House
,350,Dad Shop,1585933200,Expense,Beers- Spy,T2020-04-061350,Grocery
,180,Pharmacy Prasat,1553274000,Expense,Electrolyte at the drug store,T230320195000,Food
,1400,Market Big,1553274000,Expense,,T230320195000,Market
,1000,Tesco Lotus-Village,1583514000,Expense,2 bottles of wine + snacks,T2020-03-0710000,Food
,387,Water Meter,1547053200,Expense,,T1301201910000,Water
,500,Material Shop Ban Roon,1565974800,Expense,water electrical pipes from dad  ,T180820192300,House
,425,Other,1580576400,Expense,aspirin- onguent, vitamin C,T2020-02-032600,Health Care
,1500,Market Big,1548435600,Expense,,T260120195000,Market
,300,Tesco Lotus-Village,1572195600,Expense,Soft drinks for workers,T2019-10-302800,Grocery
,550,ALIEXPRESS,1565024400,VISA,,T06082019550,22.46
,745,Tesco Lotus Express,1565283600,Expense,,T110820191675,Grocery
,200,Bic,1562000400,Expense,Bic cut grass,T020720195674,House
,1200,Hotel Majestic,1556470800,Expense,Majestic hotel,T2019-04-2910000,Hotel
,2386,Purchase via EDC,1552064400,BKB,,T090320192386,EDC
,1000,Thai immigration,1585155600,Expense,Jarinya Tip !,T2020-03-276368,Visa
,150,ALIEXPRESS,1555693200,Expense,Electronics,T20042019150,Hobby
,3131,Tesco Lotus-Prasat,1573837200,Expense,,T2019-11-163131,Grocery
,2040,Material Shop Ban Roon,1567270800,BKB,,T2019-09-012040,IBT
,520,Tesco Lotus Express,1559667600,Expense,,T0806201910000,Grocery
,75,ALIEXPRESS,1563037200,VISA,,T1407201975,2.93
,300,Mobile TopUp,1578934800,Expense,Phone Topup,T2020-02-0437100,Phone
,9025,Makro,1565370000,Expense,,T1008201910000,Grocery
,1000,Tesco Lotus-Village,1584723600,Expense,Wine + snacks - sister delivery,T2020-03-223623,Grocery
,392,ITInvade,1587229200,Expense,USB Speakers for Jarinya,VISA,Hobby
,3572,Thai Watsadu Surin,1571504400,BKB,House Material- piping, electric, water,T2019-10-203572,IBT
,600,Resto Prasat,1563037200,Expense, ,T1407201910000,Restaurant
,50,ALIEXPRESS,1565024400,VISA,,T0608201950,1.8
,15,Commission/Annual Fee,1548176400,BKB,,T2301201915,AUTO
,800,Tesco Lotus Express,1552755600,Expense,Tuna- Yougurt, etc..,T180320195082,Grocery
,2450,Jarinya,1582995600,BKB,,T2020-03-012450,IBT
,142,ALIEXPRESS,1548003600,VISA,,T21012019142.25,5.69
,768,Tesco Lotus Express,1553187600,Expense,Beer.. Peanuts.. Yougurt- Etc..,T240320193456,Grocery
,400,Brother in Law,1579539600,Expense,House Works 8 hours,T2020-01-277106,House
,1527,Provincial Electricity Authority,1582304400,Expense,,T2020-02-225000,Electricity
,810,Warehouse Prasat,1555434000,Expense,Shigha beer (24),T170420195000,Market
,3407,Tesco Lotus-Prasat,1568998800,Expense,Food,T2019-09-213607,Grocery
,1800,Market Big Village,1581786000,Expense,Food for the week- did not go to Prasat this weekend,T2020-02-164960,market
,2000,Other,1592154000,Expense,Gardening Lady (new lady) she is very fast !,T2020-06-154555,House
,7202.25,Purchase via EDC,1567184400,BKB,,T310820197202.25,EDC
,15,Commission/Annual Fee,1566493200,BKB,,T2308201915,AUTO
,2655,Tesco Lotus Prasat,1555693200,Expense,,T200420192655.5,Grocery
,1333,Interbank Transfer,1560618000,BKB,,T160620191333,IB
,640,PT-Blue Gas Prasat,1569603600,Expense,,T2019-09-281440,Car Gas
,3319.75,Tesco Lotus-Prasat,1577466000,BKB,,T2019-12-283319.75,IBT
,5778,Tesco Lotus-Prasat,1586451600,BKB,,T2020-04-105778,IBT
,800,PT Blue Gas Prasat,1563037200,Expense,,T1407201910000,Car-Gas
,1082,AliExpress,1580058000,Expense,Electronics,,Other
,500,Market Small Village,1588266000,Expense,Vegetables Noddles etc..,T2020-05-044530,Market
,87,ALIEXPRESS,1554051600,VISA,,T0104201986.64,3.61
,1500,Provincial Electricity Authority,1579971600,Expense,,T2020-01-277106,Electricity
,2930.5,Purchase via EDC,1557507600,BKB,,T110520192930.5,EDC
,200,Brother in Law,1575306000,Expense,House Works 4 hours,T2019-12-0710000,House
,230,Material Shop Ban Wari,1571763600,Expense,Pay J. Pipes Fittings water-electric,T2019-10-257042,House
,2889,Thai Watsadu Surin,1573232400,BKB,House material,T2019-11-092889,IBT
,670,Tesco Lotus-Village,1592240400,Expense,veges + fruits,T2020-06-221370,Food
,7816,Makro,1549731600,Expense,,T1102201910066,Grocery
,800,Market Prasat,1569603600,Expense,,T2019-09-281440,Market
,825,Steam,1561309200,Expense,PC Games - METRO 2033 + METRO Last light Redux,T24062019825,Hobby
,1050,Market Big,1566579600,Expense,,T250820192000,Market
,70,,1570294800,Expense,Piece of round wood,T2019-10-0610000,
,511,Lazada,1554829200,Expense,Ceiling Fan,T04042019510.72,House
,250,Material Shop Ban Roon,1567616400,Expense,More Electrical Connectors + Junction Boxes ,T070920191370,House
,7492,Lazada,1559408400,VISA,,T020620197492.32,312.18
,1500,Market Big,1563296400,Expense,pay J  1000. Pay already 500.,T190720191300,Market
,150,Brother In Law,1567011600,Expense,House Works,T2019-09-012040,House
,1000,Market Big,1559322000,Expense,,T020620192000,Market
,4303,Tesco Lotus-Prasat,1590080400,BKB,,T2020-05-224303,IBT
,1800,Market Big,1562432400,Expense,,T060720195000,Market
,3250,Jarinya,1587229200,BKB,,T2020-04-193250,IBT
,800,PT Blue Gas Prasat,1559926800,Expense,,T0806201910000,Car-Gas
,600,Dad Shop,1572282000,Expense,Control cables 25M - drinks etc...,T2019-10-302800,House
,580,Tesco Lotus Express,1546707600,Expense,Yugurts. Tuna,T1301201910000,Grocery
,300,Market Small,1555866000,Expense,,T230420196388,Market
,1300,Market Prasat,1571504400,Expense,Pay. J  ,T2019-10-212133,Market
,5127,Home Pro,1559926800,Expense,HomePro - Lights ,T080620195127,House
,300,Robinson Food Court,1547312400,Expense,,T1301201910000,Restaurant
,1000,Market Big,1554829200,Expense,,T0604201910000,Market
,330,Plants Shop,1560531600,Expense,Plants pots,T170620191830,House
,3911,Tesco Lotus-Prasat,1571072400,BKB,,T2019-10-153911,IBT
,3957,Tesco Lotus-Prasat,1587056400,Expense,,T2020-04-173957,Grocery
,1284,Thai Watsadu Surin,1575651600,BKB,Water electrical material,T2019-12-071284,IBT
,810,Warehouse Prasat,1559322000,Expense,Beer Shigha Pay 1000 to J,T020620192000,Food
,500,PT Blue Gas Prasat,1553965200,Expense, ,T3103201910000,Car-Gas
,3852,Interbank Transfer,1561309200,BKB,,T240620193852,IB
,312,Tesco Lotus Express,1550077200,Expense,Water - Pinapple,T2019-02-135000,Grocery
,8379,Makro,1563037200,Expense,,T1407201910000,Grocery
,300,Amazon Web Services,1591117200,Expense,Data Storage monthly fee,VISA,Hobby
,200,Market on the Road,1552755600,Expense,Water-Melon,T180320195082,Market
,3959,Tesco Lotus Prasat,1558112400,Expense,,T180520193959,Grocery
,500,Dad Shop,1584464400,Expense,Family rice,T2020-03-223623,Market
,150,ALIEXPRESS,1555693200,VISA,,T20042019150,6.25
,600,PT Blue Gas Prasat,1547312400,Expense,,T1301201910000,Car-Gas
,6000,Jarinya,1548867600,Expense,(30k-6k)=24K left to pay.,T040220196000,House
,30,Dad Shop,1570294800,Expense,Water Pipe joint 3 inches,T2019-10-0610000,House
,400,Tesco Lotus-Prasat,1573318800,Expense,,T2019-11-111580,Grocery
,6368,Tesco Lotus-Prasat,1588870800,Expense,,T2020-05-086368,Grocery
,3911,Tesco Lotus-Prasat,1571072400,Expense,,T2019-10-153911,Grocery
,3861,Tesco Lotus-Prasat,1571850000,Expense,,T2019-10-243861,Grocery
,1941,Tesco Lotus-Prasat,1576256400,BKB,Tesco Payment 2/2,T2019-12-141941,IBT
,1000,Dad Shop,1581786000,Expense,Cash advance to buy the trees from dad,T2020-02-164960,house
,3000,Plant Shop Prasat,1579107600,Expense,Plants for the house- Pin trees, etc...,T2020-01-196600,House
,1652,Purchase via EDC,1558717200,BKB,,T250520191652,EDC
,1941,Tesco Lotus-Prasat,1576256400,Expense,,T2019-12-141941,Grocery
,260,Village Water Service,1574614800,Expense,,T2019-11-251760,Water
,440,Lazada,1584118800,Expense,Vitamin D,VISA,Health Care
,4715,Tesco Lotus-Prasat,1588266000,BKB,,T2020-05-014715,IBT
,1475,Provincial Electricity Authority,1574442000,Expense,,T2019-11-232525,Electricity
,1472,Thai Watsadu Surin,1554483600,Expense,Jarinya useless stuff,T060420191472,House
,5000,Cash Withdrawal - BBL ATM,1562346000,BKB,,T060720195000,ATM
,2525,Jarinya,1574442000,BKB,Pay Jarinya,T2019-11-232525,IBT
,500,Market Big Village,1591462800,Expense,Ingredients and fruits,T2020-06-083640,Market
,9670,Jarinya,1593277200,BKB,,T2020-06-289670,IBT
,1160,misc.,1572454800,BKB,Market + food + drinks,T2019-10-311160,IBT
,1572,Epic Games Store,1550422800,Expense,Metro Exodus Game,T180220191571.82,Hobby
,532,Water Meter,1554397200,Expense,,T,Water
,180,Drug store Prasat,1572627600,Expense,Electrolite powder,T2019-11-032330,Grocery
,1500,Market Big,1553965200,Expense,,T3103201910000,Market
,2624,Big C Prasat,1547830800,Expense,,T190120195000,Grocery
,22,ALIEXPRESS,1550768400,VISA,,T2202201922.32,0.93
,2000,Thai immigration,1585155600,Expense,Visa Fee,T2020-03-276368,Visa
,1200,Interbank Transfer,1559062800,BKB,,T290520191200,IB
,1000,Tesco Lotus Express,1550163600,Expense,2 Bottles of Wine,T,Grocery
,825,Steam,1561309200,VISA,,T24062019825,32.98
,500,Dad Shop,1562432400,Expense,Pay dad for 2 mangos trees,T060720195000,House
,850,Tesco Lotus-Village,1578070800,Expense,2 bottles of wine + PiYun tip,T2020-01-055770,Grocery
,2745,Material Shop Ban Wari,1564678800,Expense,House material.   ,T020820194260,House
,750,TOT Internet,1558717200,Expense,,T260520193705,Internet
,600,PT-Blue Gas Prasat,1573232400,Expense,,T2019-11-0910000,Car Gas
,600,Resto Prasat,1564333200,Expense, ,T010820192100,Restaurant
,10000,Makro Surin,1570294800,BKB,,T2019-10-0610000,ATM
,750,Internet-TOT,1577034000,Expense,,T2019-12-297980,Internet
,7492,Lazada,1559408400,Expense,Lawn mower + grass trimmer,T020620197492.32,house
,350,Dad Shop,1587142800,Expense,Beers- Spy,T2020-04-193250,Grocery
,135,ALIEXPRESS,1555693200,VISA,,T20042019134.88,5.62
,3200,Tesco Lotus-Prasat,1577466000,Expense,,T2019-12-283319.75,Grocery
,500,Resto Prasat,1557507600,Expense,,T170520191185,Restaurant
,1000,Market Big Village,1572368400,Expense,Market,T2019-10-311160,Market
,187,ALIEXPRESS,1555693200,Expense,Electronics,T20042019187.44,Hobby
,2977,Tesco Lotus-Prasat,1579280400,Expense,,T2020-01-182977,Grocery
,300,Tesco Lotus Express,1563210000,Expense,,T190720191300,Grocery
,3957,Tesco Lotus-Prasat,1587056400,BKB,,T2020-04-173957,IBT
,4326,Tesco Lotus-Prasat,1591290000,BKB,,T2020-06-054326,IBT
,10000,Cash Withdrawal - BBL ATM,1552064400,BKB,,T0903201910000,ATM
,1000,Market Prasat,1579280400,Expense,,T2020-01-196600,Market
,410,PT-Blue Gas Prasat,1587056400,Expense,,T2020-04-193250,Car Gas
,281,Name-Cheap,1591549200,Expense,Domain name for DasDuneTech,VISA,Hobby
,760,TOT Internet,1548435600,Expense,,T270120193885,Internet
,6000,Makro,1547312400,Expense,,T1301201910000,Grocery
,340,Dad Shop,1567443600,Expense,Beer + M150 for Bother in Law,T070920191370,House
,1370,Inter Bank Transfer,1567789200,BKB,,T070920191370,IBT
,1166.67,Lazada,1568912400,Expense,Desk Lamps + QI wireless charger receivers,T2019-09-201166.67,Hobby
,500,Village Water Service,1575997200,Expense,,T2019-12-154550,House
,2450,Jarinya,1582995600,BKB,,T2020-03-012450,IBT
,3336,Purchase via EDC,1565974800,BKB,,T170820193336,EDC
,2729,Lazada,1588525200,Expense,Mini-Fridge,VISA,House
,5000,Cash Withdrawal - BBL ATM,1549990800,BKB,Sum of expenses are bad !!,T2019-02-135000,ATM
,50,ALIEXPRESS,1565024400,Expense,Electronics Stuff,T0608201950,Hobby
,1400,Market Big,1558803600,Expense,,T260520193705,Market
,386,ALIEXPRESS,1579366800,Expense,8009522197703518- Tripods,T2020-02-0437100,Hobby
,300,Brother in Law,1577725200,Expense,House Works 6 hours,T2019-12-311600,House
,7300,Honda Maliwan,1556470800,Expense,Car maintenance,T290420197300,Car
,3920,Interbank Transfer,1564246800,BKB,,T280720193920,IB
,1370,Jarinya,1592758800,BKB,Jarinya,T2020-06-221370,IBT
,1000,Market Prasat,1572627600,Expense,,T2019-11-032330,Grocery
,1100,Tesco Lotus Express,1558026000,Expense,Wine. Beer. Peanuts. etc...,T170520191200,Grocery
,4260,Interbank Transfer,1564678800,BKB,,T020820194260,IBT
,300,Market Big Village,1571763600,Expense,Pay J.  Sister delivery,T2019-10-257042,Market
,300,Brother in Law,1578762000,Expense,House Works 6 hours,T2020-01-196600,House
,160,Car Wash,1570208400,Expense,Car wash,T2019-10-0610000,Car
,200,Brother in Law,1568480400,Expense,House works - Pay Jarinya,T2019-09-162150,House
,750,Internet-TOT,1582304400,Expense,,T2020-02-225000,Internet
,1890,Interbank Transfer,1565629200,BKB,,T130820191890,IB
,511,Lazada,1554829200,VISA,,T10042019510.72,21.18
,3824,Lazada,1587488400,Expense,Goodies ! Natchos - Salsa - Vinegar Chips ! Olive Oil and Balsamic vinegar,VISA,Food
,850,Tesco Lotus Express,1555261200,Expense,,T140420195000,Grocery
,2740,Jarinya,1576947600,BKB,,T2019-12-222740,IBT
,7300,Honda Maliwan,1556470800,VISA,,T290420197300,316.82
,300,Tesco Lotus-Village,1576256400,Expense,1 bottle of wine,T2019-12-154550,Grocery
,2000,Tesco Lotus-Village,1588438800,Expense,4 bottles of wine + 2 sixpacks of beer,T2020-05-044530,Food
,315,Name Cheap,1559322000,VISA,,T01062019315,12.6
,10000,Cash Withdrawal - BBL ATM,1547312400,BKB,,T1301201910000,ATM
,1000,Market Prasat,1571850000,Expense,Pay J.,T2019-10-257042,Market
,1881,Tesco Lotus-Prasat,1578675600,BKB,,T2020-01-111881,IBT
,3000,VISA CARD,1548608400,Expense,Credit Card fee,T280120193000,VISA
,3000,Other,1577552400,Expense,New year food for family,T2019-12-297980,Food
,319.5,ALIEXPRESS,1560790800,Expense,,T18062019319.5,Hobby
,1999.25,Tesco Lotus-Prasat,1576861200,Expense,,T2019-12-221999.25,Grocery
,1166.67,Bank Transfer,1568912400,BKB,Desk Lamps,T2019-09-201166.67,IBT
,100,Brother in Law,1577120400,Expense,House Works 2 hours,T2019-12-297980,House
,200,Tesco Lotus Express,1546534800,Expense,Peanuts,T2019-01-081600,Grocery
,1800.5,Tesco Lotus-Prasat,1576861200,Expense,,T2019-12-221800.5,Grocery
,2381,Home Pro,1567184400,Expense,Outdoor lights front + light bulbs,T310820192381.5,House
,3920,Material Shop Ban Roon,1577984400,Expense,Water Electric Material and Sand,T2020-01-055770,House
,620,Resto Prasat,1553965200,Expense,,T3103201910000,Restaurant
,3959,Purchase via EDC,1558112400,BKB,,T180520193959,EDC
,3492,Tesco Lotus-Prasat,1580576400,Expense,,T2020-02-023492,Grocery
,539,Lazada,1587142800,Expense,Box of screws of different sizes,VISA,House
,650,Resto-Prasat,1593190800,Expense,,T2020-06-289670,Restaurant
,45,Thai immigration,1585155600,Expense,Photocopy Fee,T2020-03-276368,Visa
,1837,Thai Watsadu Surin,1583514000,BKB,Water hoses - Electrical joints,T2020-03-071837,House
,500,Tesco Lotus-Village,1585069200,Expense,snacks - food,T2020-03-276368,Grocery
,2030,Provincial Electricity Authority,1587834000,Expense,,T2020-05-044530,Electricity
,3000,VISA CARD,1548608400,VISA,,T280120193000,120
,700,Water Meter,1557594000,Expense,,T170520192000,Water
,9650,Projector Siam,1561568400,VISA,,T270620199650,386.18
,2000,Interbank Transfer,1559408400,BKB,,T020620192000,IB
,275,ALIEXPRESS,1563210000,VISA,,T16072019275,11.09
,480,Material Shop Ban Wari,1558198800,Expense,Glue. water pipe fittings. 2 cement pole,T200520191850,House
,457,Lazada,1588266000,Expense,Popcorn and Popcorn machine,VISA,House
,1115,Tesco Lotus Express,1557421200,Expense,,T120520191185,Grocery
,750,TOT Internet,1561222800,Expense,,T240620193852,Internet
,25,ALIEXPRESS,1563037200,Expense,Electronics - Electric Stuff,T1407201925,Hobby
,2000,Market Big,1555174800,Expense,,T140420195000,Market
,1270,Market Big,1556989200,Expense,,T0305201910000,Market
,760,TOT Internet,1553187600,Expense,,T240320193456,Internet
,4550,ALIEXPRESS,1561568400,VISA,,T270620194550,181.89
,500,VISA,1553533200,Expense,VISA 1 day late penalty,T250320195000,VISA
,382,ALIEXPRESS,1555693200,VISA,,T20042019382.08,15.92
,100,Market Big,1555434000,Expense,2 pairs of shoes,T170420195000,Special
,3066,ALIEXPRESS,1549040400,Expense,SSD Drive 1T,T020220193066.36,Hobby
,3182.25,Online Purchase,1568394000,BKB,Tesco Lotus Prasat #2,T140920193182.25,EDC
,5778,Tesco Lotus-Prasat,1586451600,Expense,,T2020-04-105778,Grocery
,160,Car wash Village,1554224400,Expense,Car wash Village,T,Car
,3672,Tesco Lotus-Prasat,1567789200,Expense,Food,T070920193671.75,Grocery
,479,Lazada,1584118800,Expense,IPA Isopropyl Alcohol 99.9% ขนาด 2 ลิตร (2-000ml),VISA,Health Care
,2984.5,Purchase via EDC,1547312400,BKB,,T130120192984.5,EDC
,3264,Tesco Lotus Prasat,1560531600,Expense,,T150620193263.75,Grocery
,200,Brother in Law,1578934800,Expense,House Works 4 hours,T2020-01-196600,House
,532,Purchase via EDC,1554483600,BKB,,T06042019532,EDC
,850,Resto Big Tree,1549731600,Expense,,T030220195000,Restaurant
,215,ALIEXPRESS,1548003600,VISA,,T21012019215.25,8.61
,37100,BNC,1580749200,BKB,BNC --> VISA ,T2020-02-0437100,Visa
,400,Other,1582390800,Expense,Shit truck - Need to pay Jarinya.,T2020-03-012450,House
,1100,Market Prasat,1567789200,Expense,Food,T100920192200,Market
,180,Pharmacy Prasat,1559322000,Expense,Electrolite,T020620192000,Food
,100,Brother in Law,1577206800,Expense,House Works 2 hours,T2019-12-297980,House
,450,Plants Shop,1565542800,Expense,plants  ,T130820191890,House
,580,Resto Prasat,1551546000,Expense, ,T070320192910,Restaurant
,5000,Cash Withdrawal - BBL ATM,1551546000,BKB,,T030320195000,ATM
,200,Brother in Law,1579626000,Expense,House Works 4 hours,T2020-01-277106,House
,4085,Purchase via EDC,1563037200,BKB,,T140720194085,EDC
,3722,Tesco Lotus-Prasat,1582304400,Expense,,T2020-02-223722,Grocery
,400,Other,1571504400,Expense,Pay. J  Soap. Misc. Grocery at Parsat near the market,T2019-10-212133,Grocery
,500,PT Blue Gas Prasat,1564333200,Expense,,T010820192100,Car-Gas
,2136,Interbank Transfer,1563123600,BKB,,T150720192136,IB
,3904,Tesco Lotus Prasat,1563555600,Expense,,T200720193904.25,Grocery
,480,Resto-Prasat,1582304400,Expense,,T2020-02-225000,Restaurant
,625,Skype,1548867600,Expense,Skype,T31012019625,Phone
,2300,Big C Prasat,1553965200,Expense,,T3103201910000,Grocery
,200,VISA,1553446800,Expense,Photographs + Photocopies,T250320195000,VISA
,750,Internet-TOT,1569430800,Expense,,T2019-09-263904,Internet
,1472,Purchase via EDC,1554483600,BKB,,T060420191472,EDC
,4200,Tesco Lotus-Prasat,1582909200,BKB,,T2020-02-294200,IBT
,479,Lazada,1584118800,Expense,IPA Isopropyl Alcohol 99.9% ขนาด 2 ลิตร (2-000ml),VISA,Health Care
,4536,Tesco Lotus-Prasat,1572627600,BKB,,T2019-11-024536,IBT
,300,Brother in Law,1568739600,Expense,House works - Pay Jarinya,T2019-09-201200,House
,6388,Interbank Transfer,1555952400,BKB,,T230420196388,IB
,5000,Cash Withdrawal - BBL ATM,1548435600,BKB,,T260120195000,ATM
,156,ALIEXPRESS,1547485200,Expense,Hobby - Electronics,T06012019155.5,Hobby
,3800,Tesco Lotus Prasat,1564333200,Expense,,T290720193800.5,Grocery
,1000,Market Big,1564333200,Expense,,T010820192100,Market
,133,Village Water Service,1571590800,Expense,Pay. J ,T2019-10-212133,Water
,15,Commission/Annual Fee,1563814800,BKB,,T2307201915,AUTO
,1205,Tesco Lotus-Prasat,1578675600,BKB,,T2020-01-111205,IBT
,5000,Jarinya,1552150800,Expense,Money Birthday gift to Jarinya,T100320195000,Special
,532,Thai Watsadu Surin,1554483600,Expense,Electric stuff,T06042019532,House
,675,Tesco Lotus Express,1547830800,Expense,,T190120195000,Grocery
,10000,Cash Withdrawal - BBL ATM,1556816400,BKB,,T0305201910000,ATM
,1350,Jarinya,1586106000,BKB,,T2020-04-061350,IBT
,9650,Projector Siam,1561568400,Expense,Projector Screen - Projector Siam,T270620199650,Hobby
,160,Tesco Lotus-Village,1572368400,Expense,Soft drinks for workers,T2019-10-311160,Grocery
,1000,Market Prasat,1576256400,Expense,,T2019-12-154550,Market
,1500,Market Big,1549126800,Expense,,T030220195000,Market
,600,Resto Prasat,1563037200,Expense,pay J  200  pay already 400,T150720192136,Restaurant
,2005,Provincial Electricity Authority,1585155600,Expense,,T2020-03-276368,Electricity
,319.5,ALIEXPRESS,1560790800,VISA,,T18062019319.5,12.78
,15,Commission/Annual Fee,1553274000,BKB,,T2303201915,AUTO
,1150,Steam,1550163600,VISA,,T150220191149.77,49.99
,6003,Purchase via EDC,1556038800,BKB,,T240420196003,EDC
,400,PT-Blue Gas Prasat,1582909200,Expense,,T2020-03-012450,Car Gas
,4200,Tesco Lotus-Prasat,1582909200,Expense,,T2020-02-294200,Grocery
,2600,Jarinya,1580662800,BKB,,T2020-02-032600,IBT
,7106,Jarinya,1580058000,BKB,,T2020-01-277106,IBT
,38,ALIEXPRESS,1555693200,VISA,,T2004201937.68,1.57
,88,Lazada,1586192400,Expense,Magnets,VISA,House
,5369,Tesco Lotus-Prasat,1584118800,BKB,Grocery,T2020-03-145369,IBT
,3705,Interbank Transfer,1558803600,BKB,,T260520193705,IB
,1017,Tesco Lotus-Village,1573232400,BKB,3 bottles of wine,T2019-11-091017,IBT
,1999.25,Tesco Lotus-Prasat,1576947600,BKB,,T2019-12-221999.25,IBT
,500,Market Big Village,1578157200,Expense,,T2020-01-0410000,Market
,235,Lazada,1583082000,Expense,N95 3M Masks (2) initial order : 855 - 580 = 235,VISA,Health Care
,500,Gas Station Village,1555261200,Expense,Gas Station Village,T140420195000,Car-Gas
,2406,Tesco Lotus Prasat,1561136400,Expense,,T210620195000,Grocery
,10000,Makro Surin,1583514000,BKB,Pocket,T2020-03-0710000,ATM
,10000,Cash Withdrawal - BBL ATM,1567184400,BKB,,T3108201910000,ATM
,336,Water Meter,1563037200,Expense,,T150720192136,Water
,4575,ALIEXPRESS,1566061200,Expense,Computer: 2 * HDD 2T  - KESU,T180820194575,Hobby
,150,Brother in Law,1570986000,Expense,Pay. J,T2019-10-171800,House
,1756,Tesco Lotus-Village,1570208400,Expense,,T2019-10-052000,Grocery
,862,Lazada,1589216400,Expense,Indoor IP Cam + Muscle Rub,VISA,House
,4555,Tesco Lotus-Prasat,1592154000,BKB,Jarinya,T2020-06-154555,IBT
,1400,Market Big,1565974800,Expense,,T180820192300,Market
,1122.75,Online Purchase,1568394000,BKB,Tesco Lotus Prasat #1 (for discount stuff),T140920191122.75,EDC
,727,ALIEXPRESS,1578934800,Expense,8009282191643518- Solenoid Valves ,T2020-02-0437100,Hobby
,3800.5,Purchase via EDC,1564333200,BKB,,T290720193800.5,EDC
,6368,Jarinya,1585242000,BKB,Jarinya,T2020-03-276368,IBT
,560,Tesco Lotus Express,1551459600,Expense,Yougurt.  Shampoo. Etc..,T070320192910,Grocery
,735,Tesco Lotus Express,1555866000,Expense,,T230420196388,Grocery
,425,LAZADA,1579366800,Expense,Epson L210 Power Supply,T2020-02-0437100,Hobby
,100,Thai Watsadu Surin,1573232400,Expense,Snacks,T2019-11-111580,Food
,2000,Tesco Lotus-Village,1570208400,BKB,,T2019-10-052000,IBT
,450,Village Water Service,1581181200,Expense,,T2020-02-0810000,House
,2661,Big C Prasat,1549126800,Expense,,T030220195000,Grocery
,3024,Tesco Lotus Prasat,1561827600,Expense,,T020720195674,Grocery
,6458,Lazada,1586970000,Expense,WebCam + Green Screen (credit for the webcam on April 28th because the WebCam is out of stock),VISA,Hobby
,250,Robinson Food Court,1556470800,Expense,Meal before Movie,T2019-04-2910000,Restaurant
,1017,Tesco Lotus-Village,1573232400,Expense,3 bottles of wine,T2019-11-091017,Grocery
,315,Omise,1578934800,Expense,OMISE*mobiletopup.com,,Phone
,59489,Lazada,1548522000,VISA,,T2701201959489,2379.56
,3623,Jarinya,1584810000,BKB,Jarinya,T2020-03-223623,IBT
,250,Bic,1560272400,Expense,Bic cut grass,T160620191333,House
,7920,Makro Surin,1570294800,Expense,,T2019-10-0610000,Grocery
,900,Market Prasat,1575046800,Expense,,T2019-12-012470,Market
,2500,Other,1591290000,Expense,Bamboo Curtains,T2020-06-083640,House
,540,Resto Prasat,1553274000,Expense,,T230320195000,Restaurant
,1000,Brother in Law,1581526800,Expense,Farewell tip to BKK,T2020-02-215360,House
,2570,Jarinya,1589994000,BKB,,T2020-05-212570,IBT
,4610,Jarinya,1590339600,BKB,,T2020-05-254610,IBT
,2000,Market Big,1552755600,Expense,,T180320195082,Market
,4107,Tesco Lotus-Prasat,1584637200,BKB,Tesco Lotus-Prasat,T2020-03-204107,IBT
,1000,Tesco Lotus-Village,1593104400,Expense,2 bottles of wine + 2 beer six packs,T2020-06-289670,Food
,1170,Lazada,1591722000,Expense,8 coffee bags,VISA,Food
,1000,Market Prasat,1580576400,Expense,,T2020-02-032600,Market
,160,Drug store Prasat,1573837200,Expense,,T2019-11-0910000,Health Care
,400,Tesco Lotus Express,1548435600,Expense,Beer.. Peanuts.. Etc..,T270120193885,Grocery
,800,Market Prasat,1567184400,Expense,,T2019-09-012040,Market
,200,Brother in Law,1578157200,Expense,House Works 4 hours,T2020-01-113100,House
,750,TOT Internet,1555866000,Expense,,T230420196388,Internet
,700,ALIEXPRESS,1562518800,VISA,,T08072019700,28.34
,250,Brother in Law,1571158800,Expense,Pay. J,T2019-10-171800,House
,1128,PayPal,1559754000,Expense,Cleaning pills (20) for coffee machine,T060620191128.48,Special
,75,ALIEXPRESS,1563037200,Expense,Electronics - Electric Stuff,T1407201975,Hobby
,400,Plant Shop Prasat,1573318800,Expense,Plant pot to support light,T2019-11-111580,House
,300,Market Big Village,1574528400,Expense,Sister Delivery!,T2019-11-251760,Market
,5143,Tesco Lotus-Prasat,1592499600,Expense,,T2020-06-195143,Grocery
,400,Tesco Lotus-Village,1579280400,Expense,One bottle of wine,T2020-01-196600,Grocery
,1200,Tesco Lotus Express,1559062800,Expense,,T290520191200,Grocery
,4985,ALIEXPRESS,1546707600,Expense,Hobby - Electronics,T060120194985.25,Hobby
